tweet_id,text,retweet,likes
1436267871265566722,"RT @RealCandaceO: The government mandating chemicals into your body against your will makes you a slave. 

I am not a slave and therefore u‚Ä¶",6910,0
1436267871844327426,"RT @PeterSchiff: If government can force you to get a #vaccine you don't want, what else can it force you do to? If it's not ""your body, yo‚Ä¶",952,0
1436267871953375244,"RT @hommel_b: Why the unseemly rush to give our children a vaccine they don't need? https://t.co/UNrNCdKh3t 

""As one of the UK‚Äôs leading e‚Ä¶",7,0
1436267873941524486,RT @MdTeryn: Next on the agenda: digital vaccine passports to access your finances.,55,0
1436267874885189633,"RT @MAJTOURE: Dear .@JoeBiden....
#FuckThatVaccine

Hit the link. 
https://t.co/Hpdl5JBBNF https://t.co/UQbRibSHtl",109,0
1436267875061354502,"Vaccine passports have been given the go-ahead for nightclubs in Scotland
https://t.co/jLyI9ck7OT... https://t.co/xZZO1JBLyA",0,0
1436267875535306755,"RT @RightOfEast: I've lost all my friends, and half my family because of my views on the vaccine. Im tired of being fucking alone out here",2838,0
1436267876961370113,"RT @AllisonPearson: Six women have DM‚Äôd me in 10 minutes reporting vastly irregular, alarming periods after Covid jab.
  If you‚Äôve had awfu‚Ä¶",649,0
1436267877070372866,"RT @zafirazafrin: Had to transfer out a patient (who refused vaccination!) who was already on HFM, not maintaining

She cried when we told‚Ä¶",2108,0
1436267877385097216,RT @PrisonPlanet: Research conducted by the University of California has found that teenage boys are six times more likely to suffer from h‚Ä¶,163,0
1436267877754097665,RT @catfishyak: Ga governor Brian Kemp is threatening to sue Biden over his new vaccine mandate‚Ä¶meanwhile yesterday his 61 year old sister-‚Ä¶,477,0
1436267879268114438,"@anth545 @Norellyn1 @DanielAndrewsMP Yes! However alcohol and vaccine should lumped together as a sales pitch! I'm a firm believer in AZ excited to get 2nd shoot next week, but not like this!",0,0
1436267879922606080,Please see below information regarding the availability of the Pfizer vaccine at Swatragh Livestock Mart on Saturday 11th September for people over the age of 16. https://t.co/RHlESM159F,0,0
1436267880341860354,RT @DrEricDing: Amazing‚Äînew Moderna combination vaccine of 6 mRNAs against 3 different respiratory viruses: #SARSCoV2 booster &amp; influenza b‚Ä¶,474,0
1436267881650655233,"RT @ElectionWiz: REPORT: South Carolina Gov. Henry McMaster vows to fight Joe Biden to ""gates of hell"" after vaccine mandate announced. --‚Ä¶",4244,0
1436267884263653378,RT @ActuaryByDay: Busy couple of days but I‚Äôve quickly caught up with helpful new analysis from @PHE_uk and great threads from @JamesWard73‚Ä¶,7,0
1436267885014433792,"RT @moderna_tx: Today, we shared positive pre-clinical data demonstrating our ability to combine 6 mRNAs against 3 different respiratory vi‚Ä¶",2867,0
1436267885681389575,RT @ShakerMaker123: @Elizabe32413720 How did they know which strain of the Flu to make a vaccine for.,2,0
1436267885748441089,"RT @itsSpencerBrown: Yet again, the confusion over the Wuhan coronavirus is coming from inside the White House. https://t.co/wpUzpFdHsb",228,0
1436267885803024387,"RT @NeilClark66: As we all predicted, Johnson the blackmailer will promote Vaccine Passports as a way of avoiding further lockdowns- while‚Ä¶",126,0
1436267885903716353,"RT @SchottHappens: In 1905 the U.S. Supreme Court upheld a vaccine mandate in Massachusetts as Constitutional.

The ruling basically said o‚Ä¶",2803,0
1436267886566326272,"@BuddingHomeste1 @Vgn4Life @R1charduk @sabrinacayne @RWMaloneMD I'm sorry but Malone isn't credible. 

https://t.co/dOLZhibcXl",0,0
1436267887107395598,"RT @JuliaHB1: Just a conspiracy theory, huh? Parents like me who are concerned about giving the Covid vaccine to teenagers have good reason‚Ä¶",2167,0
1436267888105558017,RT @FoxNews: Biden declares sweeping new vaccine mandate: 'This is not about freedom' https://t.co/ALCXndvokk,220,0
1436267888508293122,"RT @TripleThreat_MD: In 1954 the Polio vaccine was developed in the United States.

By 1957 it was mandated in schools and yearly cases dro‚Ä¶",316,0
1436267889057845251,RT @CTVAtlantic: Moderna said on Thursday it was developing a single-dose vaccine that combines a booster dose against COVID-19 and a boost‚Ä¶,10,0
1436267889649143818,"RT @TomiLahren: If your vaccine works why do you care if I‚Äôm not vaccinated?

If your mask works why do you care if my face is free? 

If y‚Ä¶",1590,0
1436267890039263232,RT @santo_aol: Texas education official says Gov. Abbott has 'abandoned his duties' and 'teachers are dying' without vax mandates https://t‚Ä¶,3,0
1436267891083595789,"RT @EssexPR: If @Keir_Starmer opposed Vaccine Passports, they‚Äôd be 10 points ahead in the polls in a few weeks. They‚Äôre too stupid to work‚Ä¶",399,0
1436267891284922387,"RT @yaneerbaryam: When the virus is circulating in a vaccinated population, variants that are more rapidly transmitting are selected for --‚Ä¶",996,0
1436267891930845194,RT @DocMoschos: Left &amp; right I‚Äôm watching in horror Brits returning to normal as if the virus has gone away. It has not gone away. Age-adju‚Ä¶,91,0
1436267892434247682,"RT @BradMossEsq: George Washington mandated inoculation against small pox.

The Supreme Court has ruled state vaccine mandates to be consti‚Ä¶",3783,0
1436267892979507201,Minors are not allowed to travel as they are unvaccinated despite @WHO clearly stating that the vaccine passports &amp; restrictions should be highly discouraged. It is time @DrTedros @UNICEF @narendramodi  intervene in alleviating distress of several parents separated by children.,0,0
1436267893612847107,"RT @Idonotconsent6: Children to get ‚Äòfinal say‚Äô on vaccine consent, says Sajid Javid | Evening Standard

So the JCVI does not feel it is in‚Ä¶",3,0
1436267893705039872,RT @funder: Vaccine mandates are happening. Nothing will stop it. Deal with it.,2997,0
1436267895214854146,"RT @JulianHillMP: üèÖGold Medal for rorting goes to ü•Å‚Ä¶ Scott Morrison!

Now he‚Äôs even found a way to rort Australia‚Äôs vaccine program.

Secre‚Ä¶",281,0
1436267896225689602,"RT @moderna_tx: Today, we shared positive pre-clinical data demonstrating our ability to combine 6 mRNAs against 3 different respiratory vi‚Ä¶",2867,0
1436267896733421568,RT @funder: Vaccine mandates are happening. Nothing will stop it. Deal with it.,2997,0
1436267897773453317,RT @Newsweek: President Joe Biden's u-turn on vaccine mandates does not mark the first time people in the U.S. has been required to get imm‚Ä¶,8,0
1436267899216400388,RT @FoxNews: Biden COVID vaccine mandate blasted by head of federal officers union: ‚ÄòVillainizes employees‚Äô https://t.co/udn7idAjJr,61,0
1436267899480649730,@RealCandaceO Are children who wish to go to school slaves? Are military members in all branches slaves? Can you and the rest of the right stop comparing getting a vaccine to a history over thousands of years dedicated to keeping you in bondage. They're absolutely nothing alike.,0,0
1436267899983908873,"RT @BuckSexton: Not a single word from Joe Biden about naturally acquired immunity, which the latest data shows is more durable than the va‚Ä¶",7235,0
1436267901024096263,RT @PrisonPlanet: Research conducted by the University of California has found that teenage boys are six times more likely to suffer from h‚Ä¶,163,0
1436267902819192840,RT @GeorgeTakei: As someone who experienced actual fascist policies in America and was sent to an internment camp solely because of my race‚Ä¶,9710,0
1436267903779852288,RT @owihps: this thing of forcing covid vaccine.,76,0
1436267904396365825,"RT @AhmedBaba_: The GOP sabotage cycle:

1. Lie about COVID, push anti-vaccine/anti-mask lies, push fake drugs.

2. GOP governors oppose he‚Ä¶",229,0
1436267904840830982,RT @Johnny_Joey: No one has done more to persuade Vaccine hesitant Americans to not get the vaccine than @JoeBiden I believe the vax is saf‚Ä¶,524,0
1436267905776242701,"RT @Covid_CallOut: The same people that want and support vaccine passports‚Ä¶ both public and Gov‚Ä¶

Are the same people that were happy for t‚Ä¶",4,0
1436267906426359817,@brucetucker Anyone with auto immune diseases should not have the vaccine.,0,0
1436267907022041088,"RT @kerpen: Biden is full steaming ahead on third doses today, after the FDA's top two vaccine officials resigned in protest over it.  You‚Ä¶",6443,0
1436267907625934849,@Mikel_Jollett @GregAbbott_TX Would you endorse a polio vaccine if you got polio after you received the polio vaccine? Why are the people commenting about the vaccine seem to have high amounts of stress and an acidic body? A recipe for the breaking down of the body,0,0
1436267907651039233,"RT @toadmeister: Ministers seem keen to ignore the JCVI's advice and roll-out vaccines to children, but a new study shows that teenage boys‚Ä¶",112,0
1436267908745867267,RT @YardleyShooting: No one should be pressured into having the vaccine. https://t.co/RFl1G55p3n,89,0
1436267908854915072,RT @andrewlawrence: SNP- Vaccine passports for Scotland. https://t.co/fH445qGwAh,105,0
1436267909047848960,"RT @DissidentDodges: The World Health Organisation has changed the definition of herd immunity again, it now reads

""Herd immunity is reach‚Ä¶",2,0
1436267909869883392,RT @RNCResearch: Jen Psaki violates Biden‚Äôs mask mandate while ignoring a question about Biden‚Äôs promise last year to not enact vaccine man‚Ä¶,115,0
1436267910067073029,RT @MamaDoctorJones: Did it hurt? When you convinced pregnant people to be more afraid of a vaccine to save their lives than a virus that i‚Ä¶,326,0
1436267912000585728,"RT @ArchRose90: Should the government scrap vaccine passports for England?

Yes            Yes            Yes
üëáüèº     Ôøº         üëáüèºÔøº‚Ä¶",812,0
1436267912185139200,RT @PrisonPlanet: Research conducted by the University of California has found that teenage boys are six times more likely to suffer from h‚Ä¶,163,0
1436267912310951937,RT @AndrewPollackFL: Will Joe Biden issue a vaccine mandate for illegal immigrants crossing our southern border?,3885,0
1436267912713621514,RT @chris_notcapn: Y‚Äôall sitting here complaining about the vaccine mandates as hospitals are overflowing and understaffed and people who n‚Ä¶,168,0
1436267914588532737,RT @chrislhayes: Excited for the 5-4 shadow docket ruling striking down vaccine requirements on the theory that Coronavirus is a person und‚Ä¶,974,0
1436267915175735296,"RT @jaevionn: medical professionals being hesitant to take the vaccine do not help the situation really. 

sigh.",10,0
1436267915389587459,RT @GrantCardone: As an employer I will not mandate the vaccine not. 1) I don‚Äôt not know anything about the safety of the vaccine. 2) I wil‚Ä¶,3403,0
1436267916358471684,"RT @518_UpstateNY: @tedcruz It‚Äôs only a mandate if you have certain types of jobs. 

If you don‚Äôt want to get the vaccine, you can always f‚Ä¶",8,0
1436267917998444550,"RT @moderna_tx: Today, we shared positive pre-clinical data demonstrating our ability to combine 6 mRNAs against 3 different respiratory vi‚Ä¶",2867,0
1436267918656946186,"RT @darrengrimes_: ‚ÄòIt is their body‚Äô, says the Vice President of an administration that has just mandated that any company with over 100 s‚Ä¶",87,0
1436267918749323269,RT @PrisonPlanet: Research conducted by the University of California has found that teenage boys are six times more likely to suffer from h‚Ä¶,163,0
1436267918929580044,"RT @RealSaavedra: When Biden said this, there were roughly 210,000 Americans that have died from the coronavirus and a vaccine had not yet‚Ä¶",45,0
1436267919835426819,"RT @bdmnjose97: @JeromeAdamsMD @BonginoReport @POTUS The sheep are being played.  Turn the vaxxed against the unvaxxed, turn whites who are‚Ä¶",6,0
1436267919877496838,"RT @realDailyWire: ""The Daily Wire does have more than 100 employees but we won't be enforcing Joe Biden's unconstitutional and tyrannical‚Ä¶",4161,0
1436267919973961740,"Also, given your own data shows that infected vaccinated people are just as infectious as unvaccinated people, what is the actual point of a vaccine passport @OliverDowden? There is no medical or scientific reason to justify them at all. https://t.co/bnCnOLPoSF",0,0
1436267920196345856,@JustinMcElroy The biggest failing of scientists is not making a covid vaccine in a Bud Light.,0,0
1436267920338866180,RT @GeorgeTakei: As someone who experienced actual fascist policies in America and was sent to an internment camp solely because of my race‚Ä¶,9709,0
1436267920733184001,@Sile_ODriscoll7 @Gill_Murphy Israel made it mandatory for a booster for all over 12s or they lose their vaccine pass,0,0
1436267921916010496,"@LilyPadPR @DrHoenderkamp Because the test is about 20x the cost of a vaccine dose.

And also isn't risk-free.",0,0
1436267922427727876,RT @Telegraph: üíâ EXCLUSIVE: A mass booster programme is unnecessary because immunity to Covid from two vaccine doses is ‚Äúlasting well‚Äù in t‚Ä¶,19,0
1436267922725523458,"RT @AllisonPearson: Now up to 26 women who have heavy or weird periods after first jab.
  Please DM me your stories. 
This needs investigat‚Ä¶",35,0
1436267923224424449,RT @LennyDykstra: ‚ÄúThe military is being compromised at a rapid rate.‚Äù ‚Ä¶ Americans better not get too comfortable. ‚Ä¶ What is the effect of‚Ä¶,3240,0
1436267923618897925,"RT @moderna_tx: Today, we shared positive pre-clinical data demonstrating our ability to combine 6 mRNAs against 3 different respiratory vi‚Ä¶",2867,0
1436267923786567681,"RT @RealSaavedra: When Biden said this, there were roughly 210,000 Americans that have died from the coronavirus and a vaccine had not yet‚Ä¶",45,0
1436267923983699970,"RT @ScottPresler: I‚Äôve reached out to every mayor I know across the country, 

asking them to introduce a resolution that vaccine mandates‚Ä¶",1507,0
1436267924193517569,RT @monicaonairtalk: To any military personnel struggling with feeling like you‚Äôre abandoning us for not taking vaccine &amp; walking- DON‚ÄôT. W‚Ä¶,273,0
1436267925523025923,"RT @BernieSpofforth: An Extension of Vaccine passports is already being looked at for your own safety.

Vaccine passports are unscientific,‚Ä¶",16,0
1436267925657341952,@michaeld5678 @awakenotwoke17 That's a lie bud. Vaccinated are shown to be carrying a larger viral load then an unvaccinated. So whats your excuse now. There is no sterilizing of the virus from the vaccine.,0,0
1436267926139645952,"@ryanstruyk so instead of saying ""hey the vaccine isn't working that well we will make a new one that works and is safe"" we double down on what obviously is not working and not that safe...",0,0
1436267926416465923,"RT @TiceRichard: SCIENTIFIC RESEARCH: Vaccine heart risk for 12-15 yr old boys is six times greater threat than Covid‚Äô. Our CMO, Professor‚Ä¶",201,0
1436267926810607623,"RT @JPNadda: Another milestone in vaccination!
Under the guidance of Hon PM @narendramodi Ji, Goa has administered the first vaccine dose t‚Ä¶",543,0
1436267927712542725,"It's not even conspiracy theorist it's literally right in front of you.

A year ago forced vaccination and vaccine passports would be considered conspiracy but here they are.

I'm not a conspiracy theorist. There are policies who's means do not justify their ends.",0,1
1436267927720890369,RT @YardleyShooting: No one should be pressured into having the vaccine. https://t.co/RFl1G55p3n,89,0
1436267928253517835,RT @Madz_Grant: Well I never https://t.co/UqUezPY6gr,86,0
1436267929142628356,"RT @Bowenchris: The arrogance of this man is astounding.

Didn‚Äôt order enough different types of vaccine quick enough.

Dismisses Labor‚Äôs c‚Ä¶",225,0
1436267931973865472,"RT @RightOfEast: I've lost all my friends, and half my family because of my views on the vaccine. Im tired of being fucking alone out here",2838,0
1436267933114585091,RT @kat_v4vendetta: @Maga4Justice I am NOT against Vaccination! I‚Äôve had them since I was a kid but that was prior to Sep 2021 when it had‚Ä¶,1,0
1436267933454438403,"""Not Now, Not Ever"": RNC To Sue Biden Over Vaccine Mandate As GOP Governors Go Ballistic https://t.co/WGam8fsmGG",0,0
1436267933496381441,RT @RealCandaceO: What would happen if all 2.1 million federal employers refused to play ball with Dictator Biden and did not get the vacci‚Ä¶,9408,0
1436267935144742914,RT @YardleyShooting: No one should be pressured into having the vaccine. https://t.co/RFl1G55p3n,89,0
1436267935153233920,I must be a vaccine junkie. I got vaxxed for Covid in March. I got my flu shot yesterday.,0,0
1436267936029814785,RT @NickAdamsinUSA: Biden‚Äôs vaccine mandate is an assault on private businesses.,166,0
1436267937850085376,"RT @hommel_b: Why the unseemly rush to give our children a vaccine they don't need? https://t.co/UNrNCdKh3t 

Het bedrog van de ""Informed C‚Ä¶",12,0
1436267938667978761,RT @MattWalshBlog: I got the vaccine and it works and I trust it but if you don't get the vaccine then I will get sick and die and it will‚Ä¶,3966,0
1436267938949046276,"RT @pipesprovost: @LakotaMan1 As a Blackfoot member, so many of the people in our Nations are grateful for the Blackfeet sharing the vaccin‚Ä¶",22,0
1436267938961629184,"@breakerboy55 @JackPosobiec This virus is man made and vaccine causes sterility, death or numerous side effects. This whole thing is global population control.",0,0
1436267940626698240,RT @DepolableDuck: Imagine a vaccine so safe you have to be threatened to take it for a disease so deadly you have to be tested to know if‚Ä¶,32,0
1436267941813698563,"RT @talkRADIO: Vaccine passports will be required in nightclubs from September. But retired Surgeon Dr Tony Hinton says ""It won't finish th‚Ä¶",2376,0
1436267941943726095,"@Keepsmiling643 @TotallyMUFC @Sjopinion10 The genie is out of the bottle and we have to live with this but the comparisons with flu are just lazy.  R number for flu around 1.3 vs. 7 for covid, mortality rate 1/1000 for flu vs. 1/100 to 1/250 for covid.  IMO the vaccine is one of the key ways as to how we live with it.",0,0
1436267942057021440,"RT @MeidasTouch: The past 24 hours:

- DOJ files lawsuit against Texas for their attack on reproductive rights
- President Biden implements‚Ä¶",1348,0
1436267943009083403,"RT @Code4Africa: The easiest way to check a photo is by using a reverse image search.

‚åõ The results will show you where and when the photo‚Ä¶",2,0
1436267943881363456,RT @RabbiJill: What I want to hear from Pres Biden - that there will be a national mask &amp; vaccine mandate. With enforcement. If people are‚Ä¶,22,0
1436267943910776832,"RT @TomiLahren: If your vaccine works why do you care if I‚Äôm not vaccinated?

If your mask works why do you care if my face is free? 

If y‚Ä¶",1589,0
1436267944799981572,Covid infections are up 300% from August 2020‚Ä¶ but please tell us more about how we should mask up and get the jab to stop the spread. Let‚Äôs not forget about the fact that you &amp; @SpeakerPelosi said that feds could not mandate people wearing masks or getting the vaccine. #YouLied,0,0
1436267945274101763,"RT @McCormackJohn: Has anyone in the Biden administration explained why their position 6 weeks ago was that it's ""not the role of the feder‚Ä¶",179,0
1436267945584439299,RT @TheRightMelissa: Blacks are the most vaccine hesitant group with less than 38% vaccinated. Can you blame them after Tuskegee? But black‚Ä¶,322,0
1436267946448285698,RT @keeyong_c: they've started releasing deaths by vaccine breakdown https://t.co/MVX8AybRhp,634,0
1436267946922364928,"RT @TomiLahren: If your vaccine works why do you care if I‚Äôm not vaccinated?

If your mask works why do you care if my face is free? 

If y‚Ä¶",1589,0
1436267946989350915,"RT @Telegraph: üíâTeenage boys are six times more likely to suffer from heart problems from the vaccine than be hospitalised from Covid-19, a‚Ä¶",5503,0
1436267947413102596,RT @SkyNewsAust: Denmark is set to become the first nation in the European Union to drop all COVID-19 restrictions with vaccine passports b‚Ä¶,85,0
1436267947769544710,"RT @alwebbj: #BREAKING: South Carolina Gov. Henry McMaster has vowed to fight Biden to the ""gates of hell"" after vaccine mandate announced.‚Ä¶",217,0
1436267950290264064,RT @PrisonPlanet: After Joe Biden announced that all companies with more than 100 employees will be mandated to get employees vaccinated ag‚Ä¶,53,0
1436267950412115970,RT @MattWalshBlog: I got the vaccine and it works and I trust it but if you don't get the vaccine then I will get sick and die and it will‚Ä¶,3966,0
1436267951280246788,"RT @AllisonPearson: Now up to 26 women who have heavy or weird periods after first jab.
  Please DM me your stories. 
This needs investigat‚Ä¶",35,0
1436267951473184780,RT @Tokkemon: @Awakening904 @GeorgePapa19 That would be a noble argument except for this small point: there is no downside to getting the v‚Ä¶,1,0
1436267951729041408,"RT @SchottHappens: In 1905 the U.S. Supreme Court upheld a vaccine mandate in Massachusetts as Constitutional.

The ruling basically said o‚Ä¶",2803,0
1436267951787675648,"RT @RealCandaceO: The government mandating chemicals into your body against your will makes you a slave. 

I am not a slave and therefore u‚Ä¶",6907,0
1436267952022691841,Stephen Colbert and Jimmy Kimmel roll their eyes at outrage over Biden's new vaccine requirements - The Week https://t.co/DSw4IQVGAJ,0,1
1436267953666674695,"RT @rishibagree: According to latest ICMR findings :

Single vaccine shot is 96.6% effective in preventing Covid19 deaths and this effectiv‚Ä¶",366,0
1436267953700360192,RT @MsAvaArmstrong: Some people have a medical reason not to take the Covid vaccine.,76,0
1436267953830387713,"@sara_jayne67 I had a heart attack out of the blue, age 46, no previous issues,  5 years ago. Its easy to blame vaccines etc, but the fact is, it happens! Sometimes people just get ill. I just got ill and had it been now, I'm sure people would be blaming the vaccine.",0,0
1436267954107265026,RT @nytimes: The World Health Organization asked wealthy countries to hold off on administering Covid booster shots for healthy patients un‚Ä¶,149,0
1436267955499765765,"RT @tedcruz: Joe Biden‚Äôs COVID vaccine mandate completely ignores the science and is an attack on Americans‚Äô right to privacy. 

The feds h‚Ä¶",3157,0
1436267955571019782,"RT @DrHoenderkamp: Lets play out an informed consent conversation with a parent/child.. 

""Hi, today I am going to give you all of the info‚Ä¶",545,0
1436267956644814850,"RT @EssexPR: If @Keir_Starmer opposed Vaccine Passports, they‚Äôd be 10 points ahead in the polls in a few weeks. They‚Äôre too stupid to work‚Ä¶",399,0
1436267956724551681,"@yornocbor @ClydeHaberman You may want to do some research‚Ä¶people have died from those early vaccines. I.e., children have died from the measles vaccine, as it‚Äôs a live attenuated virus. There is also data on immunocompromised dying from the polio vaccine.",0,0
1436267956804018181,"RT @nicholaSyaJ: Biden orders vaccine mandates and tells unvaccinated ""Our patience is wearing thin""

Bold to talk about being impatient wh‚Ä¶",2,0
1436267957311655950,"RT @kayleighmcenany: ü§¨ ""If you break the rules, be prepared to pay!"" (Biden)

ü§¨ ""Our patience is wearing thin...‚Äù (Biden)

ü§¨ ""We've got to‚Ä¶",5500,0
1436267957496205313,"RT @AuthorKimberley: Drama anti-masker parents,

If you don't like the public school vaccine mandates, just send your kids to private schoo‚Ä¶",161,0
1436267957898862594,"RT @tedcruz: Joe Biden‚Äôs COVID vaccine mandate completely ignores the science and is an attack on Americans‚Äô right to privacy. 

The feds h‚Ä¶",3157,0
1436267958494449673,@malstapiwa @Setlhabane1 @News24 The unvaccinated have rights too. You want people  to vaccinate so you can be  protected...we are not the vaccine ...,0,0
1436267959345893390,"RT @JuliaHB1: Just a conspiracy theory, huh? Parents like me who are concerned about giving the Covid vaccine to teenagers have good reason‚Ä¶",2167,0
1436267960658800641,"RT @newsmax: Log Cabin Republicans, the nation's original and largest organization representing LGBT conservatives, is opposing President B‚Ä¶",23,0
1436267960885145601,"RT @Mikel_Jollett: Right now in Texas (and every state in the union), in order to attend school, you are REQUIRED to be vaccinated for the‚Ä¶",317,0
1436267961199775752,"RT @CNN: ""People are so pressured not to get vaccinated by their group that it is, to them, somewhat of a treasonous act.""

In a county of‚Ä¶",74,0
1436267962063802370,"RT @imandrewmcmanus: @NPR My sympathy for people who refuse to get that vaccine, and then end up in this lady‚Äôs situation has been exhauste‚Ä¶",1,0
1436267962206494720,"RT @hommel_b: Why the unseemly rush to give our children a vaccine they don't need? https://t.co/UNrNCdKh3t 

""As one of the UK‚Äôs leading e‚Ä¶",7,0
1436267962533564421,RT @LisaMarieBoothe: Joe Biden will force the vaccine on federal workers and contractors just so he can shift the conversation away from Af‚Ä¶,1601,0
1436267963024293890,RT @DavidAnber: ‚ÄºÔ∏èThis is ‚Äî without a doubt ‚Äî the best articulation as to the ethical problem posed by mandatory vaccines or vaccine passpo‚Ä¶,5786,0
1436267963196264461,"RT @TomiLahren: If your vaccine works why do you care if I‚Äôm not vaccinated?

If your mask works why do you care if my face is free? 

If y‚Ä¶",1589,0
1436267963347349504,RT @GeorgeTakei: As someone who experienced actual fascist policies in America and was sent to an internment camp solely because of my race‚Ä¶,9709,0
1436267963775078413,"RT @wulfette: And I need not tell you that things aren't going well in terms of the vaccine, and there's a need, whether true or not, to PR‚Ä¶",2,0
1436267963905101824,RT @LincolnWatchman: It‚Äôs important to understand that imposing vaccine mandates is as American as apple pie. We‚Äôve been doing it since the‚Ä¶,273,0
1436267966094512128,RT @andrewlawrence: SNP- Vaccine passports for Scotland. https://t.co/fH445qGwAh,105,0
1436267966287335426,RT @NBCNews: Unvaccinated TikToker urges followers to get vaccine in last video before death: 'I shouldn't have waited.' https://t.co/8xhbQ‚Ä¶,54,0
1436267966790881283,"Republican opposition to mask and vaccine mandates may boomerang. Read my blog: https://t.co/gsO3R4xe9Y

@RonDeSantisFL @GregAbbott_TX #COVID19 #coronavirus #VaccineMandate #MaskUp #MaskMandate #RonDeSantis #RonDeathSantis",0,0
1436267967277305859,RT @QuoteDigging: @travisakers Today the Biden Administration went on the offensive. Vaccine mandates. A law suit against Texas. The abilit‚Ä¶,429,0
1436267967277420547,RT @GeorgeTakei: As someone who experienced actual fascist policies in America and was sent to an internment camp solely because of my race‚Ä¶,9709,0
1436267971152728065,"@Sean55352532 @cryptomanran I‚Äôm sayin. If anything good could come out of this apart from the worlds brainpower to make a vaccine in record time, it‚Äôs definitely the fact that society as a whole will be more educated about how shit spreads and how to prevent it.",0,1
1436267972339798022,RT @GeorgeTakei: As someone who experienced actual fascist policies in America and was sent to an internment camp solely because of my race‚Ä¶,9709,0
1436267972448894977,RT @funder: Vaccine mandates are happening. Nothing will stop it. Deal with it.,2997,0
1436267972465623041,@AJane0008 @flutter_rob @FatherBob @Tehmswood @rjo71342 @Colby_mack01 @darryllarkin You can discount Dr Robert Malone. The idea that he invented mRNA vaccine is an antivaxxer trope. He has no standing in the scientific community in this debate.,0,0
1436267973384286214,"RT @BlackWomxnOnly: Why I Don't Trust It: Part 24
#YizoYizo #vaccine #CR17BankStatements https://t.co/HAuiw9BBIo",1,0
1436267973493264388,"RT @AllisonPearson: Six women have DM‚Äôd me in 10 minutes reporting vastly irregular, alarming periods after Covid jab.
  If you‚Äôve had awfu‚Ä¶",649,0
1436267973627482113,"RT @RandPaul: Vaccine mandates that ignore natural immunity ignore the science, are unscientific, and should not be adhered to or promulgat‚Ä¶",8324,0
1436267975171006465,"@davidfrum Proof you're wrong: Tfg rushing the vaccine for his election made us all nervous. Cuomo added NY experts review for confidence and in spite tfg's hysterics NY had FIRST VACCINATION IN THE WORLD. Because common good IS a liberal value (hence they call us comies). Also, science. https://t.co/zIdFJDinr7",0,0
1436267975414202372,"RT @WilliamKyleVass: ‚ÄúWe don‚Äôt want the vaccine in our bodies because we don‚Äôt know what‚Äôs in it,‚Äù said an anti-vaxxer at a rally in Huntin‚Ä¶",24,0
1436267975540191234,RT @MrsT106: I‚Äôve never seen the government push for something so hard as this vaccine ever before.,1537,0
1436267975825297408,RT @BongoPrime: No masks. No protocols. No restrictions. No lockdown. No curfew. No vaccine. No sense.,23,0
1436267975825313794,"RT @TomiLahren: It‚Äôs becoming obvious the only people Democrats want to restrict are hardworking, law-abiding Americans. Illegals, thugs an‚Ä¶",827,0
1436267976068526087,COVID vaccine creator says mass boosters may be unnecessary https://t.co/W1UCNvwSVU,0,0
1436267976290971648,"RT @MarkReady47: Flu vaccine ~ 2400M doses and 1,951 deaths. Covid vaccine ~ 200M doses and 13,627 deaths. That makes the covid vaccine ~ 8‚Ä¶",1,0
1436267976836136962,RT @mchooyah: I encourage you to get the vaccine. I just don't want the government to force you. Be careful how much power you give the gov‚Ä¶,3105,0
1436267977733722113,"RT @FerroTV: Morning Note:

-S&amp;P futures inch higher
-Latest US vaccine push
-Pres Biden calls Pres Xi https://t.co/ArAUMT0bVe",6,0
1436267980191588353,"RT @DrHoenderkamp: Lets play out an informed consent conversation with a parent/child.. 

""Hi, today I am going to give you all of the info‚Ä¶",545,0
1436267981357600771,"@darrencooper11 @_Ja88erwocky @SkyNews That is NOT a vaccine. That is a therapeutic. Therapeutics ease infections to facilitate recovery. There's no protection except from symptom severity. Knowing that basic fact, none of the arguments for fully vaxxing everyone make sense.",0,0
1436267981491769344,"80% COVID-19 immunity lost in 6 months after vaccination, says US study; what this means for us https://t.co/yIuclicGFd #SmartNews",0,0
1436267981554733062,@mtgreenee @EliseStefanik @MarshaBlackburn @SenTedCruz @LindseyGrahamSC @GOPLeader @SteveScalise but the government can force you to inject a vaccine in your body üëáüëáüëáüëáüëáüëáüëáüëáüëáüëáüëá https://t.co/R1dWh8Xl0E,0,0
1436267981588291585,RT @LennyDykstra: ‚ÄúThe military is being compromised at a rapid rate.‚Äù ‚Ä¶ Americans better not get too comfortable. ‚Ä¶ What is the effect of‚Ä¶,3240,0
1436267981986803713,"RT @NPR: In a final video posted from her hospital bed, Megan Alexandra Blankenbiller pleaded with her TikTok followers not to wait to get‚Ä¶",300,0
1436267982016040963,"RT @chrislhayes: Just gonna throw this out there because, again, I feel like I'm losing my grip on reality but for private sector worker su‚Ä¶",927,0
1436267982737522690,RT @GeorgeTakei: As someone who experienced actual fascist policies in America and was sent to an internment camp solely because of my race‚Ä¶,9709,0
1436267983031177219,"RT @HumanRights4UK: Culture Secretary Oliver Dowden is willing to discriminate against, divide and coerce decent tax-paying citizens of the‚Ä¶",12,0
1436267983249317888,"RT @gummibear737: My message to unvaccinated people

1) I stand with you, whatever your decision is

2) As a vaccinated person I neither ju‚Ä¶",512,0
1436267984121630720,"I dont care if you have the vaccine or not. Yes its your right to choose whether or not to recieve it. And that's fine that's cool. But with the vaccine passports coming I'm ok with that. I've had my vaccines. And I'll be looking forward to the spoils of society. 
Cheers ü§ò",0,0
1436267987439439874,@retro_trance @cathie_wood @Ryanjt4000 @chrischirp @SandraDunn1955 The obvious answer is that the vaccine reduces the chance of infection and therefore if younger people are vaccinated then it limits the spread.,0,0
1436267987464376321,"RT @mehdirhasan: Biden should have made this vaccine mandate announcement much earlier. But I'm glad he did it today.

In public health ter‚Ä¶",275,0
1436267987674091520,COVID vaccine creator says mass boosters may be unnecessary https://t.co/Us1eyxqhvM,0,0
1436267989544878080,RT @WDCouncil: Alexandria Community Centre and The Hub in Clydebank are open for vaccine drop-in sessions today from 9am-7pm. If you haven'‚Ä¶,8,0
1436267990278807552,"@maatuska_t Yes, every 6 months you get another dose of poison injected into your body.  Check out this post.
The Powerful Case Against Covid mRNA Vaccine https://t.co/PsU4Ag4nVP",0,1
1436267990853505028,"RT @duty2warn: ""All 50 states mandate vaccines for school attendance, such as those that protect against polio, measles, mumps, rubella and‚Ä¶",1400,0
1436267990878724096,"RT @scrowder: If you support a national vaccine mandate, but shout ‚Äúmy body, my choice!‚Äù in support of aborting of a baby with its OWN AUTO‚Ä¶",3306,0
1436267992422178819,"RT @T_S_P_O_O_K_Y: ""Read my lips - no vaccine mandate...""
@JoeBiden has lied about everything his entire career and been rewarded - he is t‚Ä¶",187,0
1436267993391144963,RT @PrisonPlanet: Vaccine mandates: The right finally finds its line in the sand. At last.,228,0
1436267994343223298,"RT @vodkabooty: don‚Äôt wanna hear your tears about mask and vaccine mandates when, 600k+ people have died already from Covid &amp; because of de‚Ä¶",19,0
1436267994741624842,"RT @RealCandaceO: The government mandating chemicals into your body against your will makes you a slave. 

I am not a slave and therefore u‚Ä¶",6907,0
1436267995781734403,"RT @IB_Thorson: https://t.co/8HllHZWKop
The only way to stop an employer vaccine mandate on an individual or small group level is to go on‚Ä¶",2,0
1436267996356366338,"RT @joncoopertweets: BREAKING: In a bold move to aggressively fight the Delta variant pandemic, President Biden will mandate the Covid-19 v‚Ä¶",2441,0
1436267996889194497,"RT @TitusNation: Mandated by ‚ÄúDictators‚Äù
Seatbelts
Clean water.
Polio Vaccine
Air safety
Measles vaccine
Stoplights
Food standards
Fire ala‚Ä¶",545,0
1436268000441630720,RT @QueenVicstar: Wow!!! So my sons school have just told me they will be offering all 12-15 year students the vaccine!! Not on my fucking‚Ä¶,25,0
1436268000500404225,RT @hasanthehun: the vaccine is literally free,1281,0
1436268003071455235,"RT @zafirazafrin: Had to transfer out a patient (who refused vaccination!) who was already on HFM, not maintaining

She cried when we told‚Ä¶",2108,0
1436268003289600006,"RT @tedcruz: Joe Biden‚Äôs COVID vaccine mandate completely ignores the science and is an attack on Americans‚Äô right to privacy. 

The feds h‚Ä¶",3155,0
1436268004686237696,RT @TorontoStar: Scientists are warning that a new variant dubbed ‚ÄòMu‚Äô ‚Äî already detected in Ontario ‚Äî contains a set of mutations indicati‚Ä¶,319,0
1436268004686319620,"RT @TheRealTypo: I'm not getting the vaccine
#MassNonCompliance",110,0
1436268005235822596,"RT @specialXservice: Globalist Banker thinks he's immune from prosecution!

Children CANNOT consent to experimental medical procedures

Dod‚Ä¶",3,0
1436268005240057859,"RT @DrTomFrieden: No corners were cut in the development of Covid vaccines. After decades of research, large clinical trials, and hundreds‚Ä¶",1168,0
1436268005462208513,"RT @KyndallFreer: Love how Carson Wentz doesn't trust doctors/science when it comes to a vaccine, but he trusts doctors/science when he's h‚Ä¶",484,0
1436268006263435267,"@VanessaRuffes @wcnc so instead of saying ""hey the vaccine isn't working that well we will make a new one that works and is safe"" we double down on what obviously is not working and not that safe...",0,0
1436268007370731521,RT @cryptomagi1: @YardleyShooting I think they're opening themselves up for massive legal problems. There's literally no evidence that the‚Ä¶,5,0
1436268007689437190,RT @concetta8631: Please explain how a student taking classes online be mandated to take a vaccine?,2026,0
1436268007874076676,RT @eNCA: Digital vaccine certificates to be issued https://t.co/PrFBTzFRtL,18,0
1436268008071221250,RT @HHSGov: Do you need a COVID-19 vaccine if you already had COVID? Dr. Eliseo Perez-Stable explains why you should get vaccinated.,554,0
1436268009035870208,RT @GeorgeTakei: As someone who experienced actual fascist policies in America and was sent to an internment camp solely because of my race‚Ä¶,9709,0
1436268009539178498,@Doherty_Girl @JohnJHarwood @docrocktex26 If this were more about saving lives than politicsüëâBiden would require all the hundreds of thousands of unvaxxed illegals to be deported but he won‚Äôt even make them take the vaccine. Postal workers are exempt too. I‚Äôm fully vaxxed &amp; fully against hypocritical mandates.,0,0
1436268010491285504,RT @PrisonPlanet: Vaccine mandates: The right finally finds its line in the sand. At last.,228,0
1436268013536399365,"WHEN TRUMP WAS IN OFFICE, THE DEMOCRATS SAID THE VACCINE IS POISON.  NOW, BIDEN'S IN OFFICE, THE VACCINE IS SUPPOSED TO BE NECESSARY. 
WHAT DO WE BELIEVE?
Biden declares sweeping new vaccine mandate: 'This is not about freedom' https://t.co/UceG0q8R9z #FoxNews",0,0
1436268015067271171,"RT @bethany83: Do you agree or disagree with the vaccine passport coming into effect in Scotland from the 1st of October? 

Retweet for a b‚Ä¶",94,0
1436268015960662016,RT @andrewlawrence: SNP- Vaccine passports for Scotland. https://t.co/fH445qGwAh,105,0
1436268016065466371,"RT @realDailyWire: ""The Daily Wire does have more than 100 employees but we won't be enforcing Joe Biden's unconstitutional and tyrannical‚Ä¶",4161,0
1436268016182890497,"@1Easterbrook @jbhearn You're arrogance is misplaced. How are you this ill informed at this stage? The proposed vaccine passports will no longer accept negative test as a condition of entry. 

But I guess ""aNtiVaX cOnsPiRacY"" is easier.",0,0
1436268016199782403,"RT @MPRnews: ""I shouldn't have waited.""
In the final video posted on her TikTok account, Megan Alexandra Blankenbiller pleaded with her fol‚Ä¶",1,0
1436268016690401280,"FlashPoint: Vaccine Mandated! Rights, Freedom &amp; What's Next... | Lance W... https://t.co/IubRm2pycC via @YouTube",0,0
1436268020003860482,"RT @DDO_VALSAD: My appeal to people whose second doses are due, to come forward.
Vaccine is available in the sufficient quantity. Session s‚Ä¶",16,0
1436268020079505410,"RT @scrowder: If you support a national vaccine mandate, but shout ‚Äúmy body, my choice!‚Äù in support of aborting of a baby with its OWN AUTO‚Ä¶",3306,0
1436268020649930752,"RT @BuckSexton: Not a single word from Joe Biden about naturally acquired immunity, which the latest data shows is more durable than the va‚Ä¶",7234,0
1436268021555761152,RT @kanafaith: @Cleavon_MD I received my first dose of the Covid-19 vaccine before I found out I was pregnant and my second at about 7 week‚Ä¶,9,0
1436268022147076100,"@TailorYogesh06 @soutikBBC There was no vaccine at that time, and both decided to cancel the matches. In this case, India could not put up a team.",0,0
1436268022382071808,I know my trip is in november but I only need my vaccine passport to get in #Scotland right?,0,0
1436268022398734341,@Poupon123 @_marching_Ents_ @kleeweller The horizons document distributed by Gen Frewin did say that after October AZ would be on request only... but things seem to have changed....incidentally I couldn‚Äôt find any news about over 60s being allowed to play the Vaccine Games üôÑ,0,0
1436268022554140673,RT @andrewlawrence: SNP- Vaccine passports for Scotland. https://t.co/fH445qGwAh,105,0
1436268022679937027,"RT @RealSaavedra: When Biden said this, there were roughly 210,000 Americans that have died from the coronavirus and a vaccine had not yet‚Ä¶",45,0
1436268022705147907,RT @GeorgeTakei: As someone who experienced actual fascist policies in America and was sent to an internment camp solely because of my race‚Ä¶,9709,0
1436268022902165504,"RT @PeterSchiff: If government can force you to get a #vaccine you don't want, what else can it force you do to? If it's not ""your body, yo‚Ä¶",952,0
1436268023686434822,"RT @NPR: In a final video posted from her hospital bed, Megan Alexandra Blankenbiller pleaded with her TikTok followers not to wait to get‚Ä¶",300,0
1436268023904620551,"RT @SuzanneEvans1: Just care home staff? Just nightclubs? What, you really believed that? Seriously? Extension to use of vaccine passports‚Ä¶",45,0
1436268026266062854,"RT @DeadlineWH: ""The people on the ground who are resisting the vaccine are hoovering toxic pollution on the internet... that can lead to v‚Ä¶",139,0
1436268026664558593,vaccine or weekly negative covid tests?!!?! ima be in mednow like üßç‚Äç‚ôÄÔ∏è,0,0
1436268028094734337,"RT @ElectionWiz: BREAKING: Texas Gov. Greg Abbott announces the state already working to halt Biden's vaccine mandate ""power grab.""",4114,0
1436268028132474885,"RT @AdamSerwer: COVID vaccine mandates are a dangerous slippery slope. First they‚Äôll mandate the covid vaccine, next they‚Äôll mandate vaccin‚Ä¶",603,0
1436268029726236676,RT @ChuckCallesto: BREAKING REPORT: United Airlines Staff who are granted RELIGIOUS EXEMPTIONS to Vaccine Mandate will now be put on UNPAID‚Ä¶,2100,0
1436268031043424257,"Vaccine mandates are not novel or radical. Healthcare workers, schoolchildren, and military service members are all mandated to take vaccines.",0,0
1436268031693492225,RT @BellaWallerstei: Government is going ahead with vaccine boosters even though Oxford vaccine Professor Dame Sarah Gilbert has said it is‚Ä¶,48,0
1436268032624578583,"RT @BradMossEsq: George Washington mandated inoculation against small pox.

The Supreme Court has ruled state vaccine mandates to be consti‚Ä¶",3783,0
1436268033408913424,"RT @zerohedge: ""Not Now, Not Ever"": RNC To Sue Biden Over Vaccine Mandate As GOP Governors Go Ballistic https://t.co/r1ltUQOAwe",67,0
1436268033559904257,RT @funder: @DanCrenshawTX Insanity is letting people die of a virus when there is a vaccine. You‚Äôre the radical here. Not us. Wake up.,490,0
1436268033811656709,RT @PrisonPlanet: After Joe Biden announced that all companies with more than 100 employees will be mandated to get employees vaccinated ag‚Ä¶,53,0
1436268034340106241,"RT @SavoirFaire44: Kid Rock
@KidRockOfficial
¬∑
29m
Some people wouldn't recognize tyranny if it slapped a mask on their face, made them sta‚Ä¶",1,0
1436268034516205569,"RT @RNCResearch: Joe Biden and Democrats were spreading doubt about the vaccine for MONTHS last year. He never apologized. 
https://t.co/xs‚Ä¶",176,0
1436268035413790740,RT @Cornpop4Trump45: Except when it comes to vaccines @VP ? Then the Government has the right to force you to get a vaccine üíâ https://t.co/‚Ä¶,1,0
1436268035476574220,"RT @mmpadellan: President Biden: ""Many of us are frustrated with the nearly 80 million Americans who are still not vaccinated, even though‚Ä¶",6798,0
1436268035845804032,RT @jeremynewberger: I really wish the vaccine was tracking people with microchips. I really do. I would then get an App that beeped when y‚Ä¶,80,0
1436268036613361671,"Just in case you were wondering how the v@ccine manufacturers are getting away with murd...... errr....I mean..... helping us. 

ü§™

@JamesDelingpole 

https://t.co/Uiw8dMQ73v",0,0
1436268037854961665,RT @PrisonPlanet: Research conducted by the University of California has found that teenage boys are six times more likely to suffer from h‚Ä¶,160,0
1436268039633260550,"RT @ChrisDJackson: @tedcruz It's not a vaccine mandate. It's a testing requirement.

If you don't want the vaccine, be prepared to test wee‚Ä¶",10,0
1436268039830339587,"RT @kayleighmcenany: Biden issues vaccine MANDATE!

FLASHBACK: ‚ÄúI don't think it should be mandatory, I wouldn't demand it be mandatory.‚Äù‚Ä¶",4154,0
1436268040753139717,"RT @kayleighmcenany: FLASHBACK:  CDC Director says there will be no nationwide vaccine mandate. 

WE NOW HAVE A VACCINE MANDATE! 

This is‚Ä¶",1691,0
1436268041289994240,RT @SenJohnThune: The federal government should NOT be forcing private citizens to get vaccinated. Period. I‚Äôm vaccinated. I encourage othe‚Ä¶,255,0
1436268041461977103,"RT @SoNowUknow2: I have had both jabs. No ill effects.
I am against vaccine passports and against mandatory vaccine injections on people wh‚Ä¶",2,0
1436268043705982977,RT @pcrclaims: Anyone know a single person saved by the vaccine yet?,38,0
1436268044570005505,Los Angeles Is Now the First Major School District to Make Students Get Vaxxed https://t.co/wYtKlt0hzR via @thedailybeast,0,0
1436268044926529537,"RT @kenklippenstein: The vaccine mandate doesn‚Äôt actually force you to get vaccinated, you can always just quit your job. Can‚Äôt afford to?‚Ä¶",1264,0
1436268045224267779,"RT @EssexPR: I don‚Äôt believe polls, but I hope this rips through the Conservative party and gives them sleepless nights.
You come for the k‚Ä¶",347,0
1436268045744459783,RT @SchmittNYC: Just a reminder the first people to politicize this vaccine were Joe Biden and Kamala Harris last summer telling Americans‚Ä¶,1173,0
1436268046117654531,RT @PrisonPlanet: The President elected in the name of 'healing division' and 'bringing the country back together again' is weaponizing vac‚Ä¶,1127,0
1436268046226706435,"RT @gummibear737: My message to unvaccinated people

1) I stand with you, whatever your decision is

2) As a vaccinated person I neither ju‚Ä¶",512,0
1436268046470062080,"@sailorrooscout For the last age group (80+) vaccine efficacy against death is really not that great, especially compared with claims of a ""90%+ protection"".",0,0
1436268047082291204,"The vaccine is not the problem. The problem is that America used to be all about the freedom to choose what's lawful, but that freedom is slowly but surely fading. I think people are finally understanding what ""democracy"" really means. You do not comply, then you're on notice.",0,0
1436268047476609034,"RT @MarinaMedvin: Biden will force ALL 2.1 million federal workers to get vaccinated, with NO option for testing because it's the ""only way‚Ä¶",847,0
1436268048625897475,"@19mon86 @MrHappyTits1 @SkyNews You‚Äôre correct freedom of choice, then you choose not to be vaccinated then you choose that, but don‚Äôt come crying if they bring in and expand the use of vaccine passports, hint: üòâ they‚Äôre already coming in bit by bit starting end of month üëçüèº",0,0
1436268048890142720,RT @newsmax: White House Press Secretary Jen Psaki ran from @EmeraldRobinson's question about then President-elect Biden in 2020 saying he‚Ä¶,786,0
1436268049980694528,RT @DCLongIslander: The same polls that show vaccine mandates as ‚Äúpopular‚Äù as a 70-30 issue were the same ones all last year which showed l‚Ä¶,10,0
1436268050232266752,"@mucklerscircle Not getting it isn't safe either, you have to weigh risk and right now there are getting to be new variants due to those not getting the vaccine and it's going to get stronger. Our vaccines will no longer work and then we'll have an even bigger problem.",0,0
1436268050626584578,"@ArtieGrassman @Craigthejr @travisakers Ma‚Äôam the fact that you were ‚Äòconsidering it‚Äô despite your husband‚Äôs recent unfortunate passing makes it clear that you do not intend to get the vaccine. And if a presidential speech endorsing the vaccine can dissuade you, your level of conspiracy-thought goes far beyond this.",0,0
1436268050920189956,"RT @AllisonPearson: The normal approval period for a vaccine is 4-5 years. 
 Covid vaccines were given emergency authorization. Only grante‚Ä¶",199,0
1436268050999758851,RT @NBCNews: Unvaccinated TikToker urges followers to get vaccine in last video before death: 'I shouldn't have waited.' https://t.co/0DMrL‚Ä¶,125,0
1436268051079499776,"RT @TheDemCoalition: In a final video posted from her hospital bed, Megan Alexandra Blankenbiller pleaded with her TikTok followers not to‚Ä¶",79,0
1436268051779964933,RT @DrEricDing: üìçIf a 4 year old can die in her sleep just hours after getting a #COVID19 fever‚Äîthe universe is telling us we need to manda‚Ä¶,416,0
1436268051985575938,Why vaccinating all teens is a difficult decision https://t.co/rSDEmUYGSP  #TodaysMedicalUpdate #Medicine #Health #Patients #NHS #FMRevolution #Today #Insurance #Pharmaceutical #Biotech #COVID19 #Coronavirus #Doctor #Policy #Vaccine #MedTech Please Retweet,0,0
1436268052300107779,Covid: How do I get the vaccine and will I need a booster? https://t.co/93NxeqkreA  #TodaysMedicalUpdate #Medicine #Health #Patients #NHS #FMRevolution #Today #Insurance #Pharmaceutical #Biotech #COVID19 #Coronavirus #Doctor #Policy #Vaccine #MedTech Please Retweet,0,0
1436268053034115075,"RT @TomiLahren: If your vaccine works why do you care if I‚Äôm not vaccinated?

If your mask works why do you care if my face is free? 

If y‚Ä¶",1589,0
1436268053633896449,"RT @AllisonPearson: Now up to 26 women who have heavy or weird periods after first jab.
  Please DM me your stories. 
This needs investigat‚Ä¶",34,0
1436268053956730885,Had the biggest whinge and posting on multiple pages about Melbourne not getting enough vaccines and our Pfizer vaccine allocation jumped today.   Feeling happy.,0,0
1436268054778896387,"RT @lindyli: Greg Abbott: ‚ÄúI issued an Executive Order protecting Texans‚Äô right to choose whether they get the vaccine‚Äù

The man who would‚Ä¶",625,0
1436268055022166020,"Ottawa gym owner stands up to vaccine passports, refuses to check clients‚Äô status https://t.co/MAj1bcjO2S via @truenorthcentre",0,0
1436268056347561987,"RT @RonFilipkowski: Anti-mask and anti-vaccine menace Veronica Wolski, whose supporters recently demanded she be treated with ivermectin wh‚Ä¶",785,0
1436268058990022658,"@yerda_selzavon @jennifer_condy @mspliz My point is if your prepared to put chemicals into your body, no matter what age, not knowing what they are or where they‚Äôve come from why not a vaccine? I‚Äôve not heard one reasonable reason for people not taking it. What‚Äôs yours?",0,0
1436268059057180672,@Angry_Staffer Also time for the private sector to follow. Sad that mandates must be put in place for a free vaccine that saves lives. But I'll support whatever works.,0,0
1436268059270909952,RT @SaraGonzalesTX: There is something deeply sinister about a government mandating a vaccine that is still being tested by one of its own‚Ä¶,143,0
1436268059501547523,RT @toddstarnes: Government workers who do not comply with the mandatory vaccine should NOT quit. Make the Biden Administration fire you.,1145,0
1436268062534164480,"RT @realDailyWire: ""The Daily Wire does have more than 100 employees but we won't be enforcing Joe Biden's unconstitutional and tyrannical‚Ä¶",4161,0
1436268063767289857,I done accepted every job üòÇ 1 saying I have to get the vaccine god please help me I‚Äôm scared lol,0,0
1436268063880622081,RT @4_04_Not_Found: Confirmed vaccine rebellion states so far. https://t.co/RVNOJccLWz,152,0
1436268064165801986,"RT @RealCandaceO: The government mandating chemicals into your body against your will makes you a slave. 

I am not a slave and therefore u‚Ä¶",6906,0
1436268064341995528,RT @seeker_jon: @CarmenStuder The vaccine suppresses the bodies neutralising antibodies according to research ‚Ä¶surely this leaves you open‚Ä¶,12,0
1436268064438423554,"RT @RealCandaceO: The government mandating chemicals into your body against your will makes you a slave. 

I am not a slave and therefore u‚Ä¶",6906,0
1436268064463589380,"RT @duty2warn: ""All 50 states mandate vaccines for school attendance, such as those that protect against polio, measles, mumps, rubella and‚Ä¶",1400,0
1436268065088577541,@rodgray @LinaHidalgoTX That‚Äôs because liberals don‚Äôt care about life cause if they did they wouldn‚Äôt be so rushed to push an experimental vaccine üíâ on people just like they love to use abortions as they‚Äôre personal birth control .,0,0
1436268065168179200,"RT @Telegraph: üíâTeenage boys are six times more likely to suffer from heart problems from the vaccine than be hospitalised from Covid-19, a‚Ä¶",5503,0
1436268066531332112,"@glamtrotters @GavinWilliamson One in a million chance of a problem with the Vaccine, a lot more chance of an issue arising from Covid19. Get the jab.",0,0
1436268066967416835,"RT @RealCandaceO: The government mandating chemicals into your body against your will makes you a slave. 

I am not a slave and therefore u‚Ä¶",6906,0
1436268067177254925,"RT @AdamSerwer: COVID vaccine mandates are a dangerous slippery slope. First they‚Äôll mandate the covid vaccine, next they‚Äôll mandate vaccin‚Ä¶",603,0
1436268067311468548,RT @NBCNews: Unvaccinated TikToker urges followers to get vaccine in last video before death: 'I shouldn't have waited.' https://t.co/8xhbQ‚Ä¶,53,0
1436268067844149260,RT @TinResistAgain: @elisefoley @gtconway3d America is one of the few countries with enough vaccines at its disposal to protect every resid‚Ä¶,20,0
1436268068666331138,RT @KatiePavlich: If you want the vaccine great. Don‚Äôt want it for whatever reason? Fine and none of my business. Vaccines are supposed to‚Ä¶,1827,0
1436268069261881347,RT @BongoPrime: No masks. No protocols. No restrictions. No lockdown. No curfew. No vaccine. No sense.,23,0
1436268069383557122,RT @TheOnion: 5 Things To Know About Covid Vaccine Boosters https://t.co/fJOynzekPd,64,0
1436268069861662724,RT @kurteichenwald: COVID disaster is about to be the largest mass death event in US history - surpassing the 1918 flu - and *we* have a va‚Ä¶,789,0
1436268071514165259,"RT @SlimHeroics: Truthfully, you getting fired for not getting the vaccine means nothing to me. You feel so strongly about it, you don't ne‚Ä¶",113,0
1436268071791075329,RT @fmanjoo: Here‚Äôs Ben Domenech making the case for vaccine mandates in The Federalist. ‚ÄúThis is one of the few areas where government nec‚Ä¶,226,0
1436268073040891910,"RT @TheRealHoarse: Dan Crenshaw is a trash person. 

He is just fine with you being murdered in a church by a felon with a weapon purchased‚Ä¶",281,0
1436268073351356417,"RT @LPNational: Want to help the Libertarian Party reach millions nationally with the message of bodily autonomy, consent culture, and NO g‚Ä¶",126,0
1436268073456226304,Live Q&amp;A: Biden Plans New Vaccine Mandates Requiring Businesses to Vacci... https://t.co/M8bBzDNHDM via @YouTube,0,0
1436268073753923593,"RT @KathyConWom: We live in very dark times
This is for a disease which is NOT a threat to humanity 
I cannot believe that this is constitu‚Ä¶",7,0
1436268075180085248,"RT @JackPosobiec: Post office workers exempt from the vaccine mandates, per WaPo

Are you paying attention yet?",8776,0
1436268075259731969,RT @Damot92: As somebody who is double vaccinated and caught covid last week I can say this is idiotic. Surely if you're going to bring in‚Ä¶,91,0
1436268075423305732,"RT @HumanRights4UK: Culture Secretary Oliver Dowden is willing to discriminate against, divide and coerce decent tax-paying citizens of the‚Ä¶",12,0
1436268075918184451,"RT @RealCandaceO: The government mandating chemicals into your body against your will makes you a slave. 

I am not a slave and therefore u‚Ä¶",6906,0
1436268076434083841,RT @EricLevitz: If the government can force you to either get a vaccine or take a COVID test once a week just to go to work during a pandem‚Ä¶,143,0
1436268079319851010,"RT @DrHoenderkamp: Lets play out an informed consent conversation with a parent/child.. 

""Hi, today I am going to give you all of the info‚Ä¶",545,0
1436268080003436549,RT @GeorgeTakei: As someone who experienced actual fascist policies in America and was sent to an internment camp solely because of my race‚Ä¶,9709,0
1436268080036990984,RT @seeker_jon: @CarmenStuder The vaccine suppresses the bodies neutralising antibodies according to research ‚Ä¶surely this leaves you open‚Ä¶,12,0
1436268080225718274,RT @BrianMcSporran: If @Douglas4Moray votes against vaccine passports to keep Scots safe and for the rollout of vaccine passports in Englan‚Ä¶,150,0
1436268080494223366,RT @M_B_Petersen: The best predictor in DK - and elsewhere - of vaccine acceptance is trust in the authorities' management of the pandemic:‚Ä¶,67,0
1436268080678666240,@SandyGramley @DerekDoster @PhilipWegmann Children cannot get vaccine yet. Why don't you want to save them?,0,0
1436268080691236865,NC Governor Cooper urges people to get COVID¬†vaccine https://t.co/jYYgCsxcLf,0,0
1436268083384049664,"RT @hommel_b: Why the unseemly rush to give our children a vaccine they don't need? https://t.co/UNrNCdKh3t 

Het bedrog van de ""Informed C‚Ä¶",12,0
1436268083992203267,RT @kenklippenstein: America‚Äôs a vaccine mandate country. Don‚Äôt like it? Leave. You‚Äôre either with us or you‚Äôre with the coronavirus. üá∫üá∏üá∫üá∏üá∫üá∏,979,0
1436268084071915523,"We are in the grip of evil and are being eaten alive from within. 
#EnoughIsEnough 
https://t.co/lUqm1BQgpj",0,0
1436268084294160387,RT @RealCandaceO: What would happen if all 2.1 million federal employers refused to play ball with Dictator Biden and did not get the vacci‚Ä¶,9408,0
1436268085057572867,"RT @JamesMelville: üîπThey said ‚Äú3 weeks to flatten the curve‚Äù
üîπThey said we had ‚Äúworld beating‚Äù  PPE procurement
üîπThey said that there would‚Ä¶",404,0
1436268088035614723,"RT @TiceRichard: SCIENTIFIC RESEARCH: Vaccine heart risk for 12-15 yr old boys is six times greater threat than Covid‚Äô. Our CMO, Professor‚Ä¶",201,0
1436268088811524097,RT @GeorgeTakei: As someone who experienced actual fascist policies in America and was sent to an internment camp solely because of my race‚Ä¶,9709,0
1436268089327374338,"@britsocimm has been exceptional in supporting both Immunologists and the general public during this period! Having played a small role in vaccine engagement, I have seen first hand the effort and dedication that has been involved in keeping the public well informed! https://t.co/Tev86vabzP",0,0
1436268090522849286,"RT @EssexPR: Isn‚Äôt t this the lady that everyone gave a standing ovation at Wimbledon ?..
Is she no longer going to be the goddess, now she‚Ä¶",156,0
1436268090661253121,"RT @ArchRose90: Should the government scrap vaccine passports for England?

Yes            Yes            Yes
üëáüèº     Ôøº         üëáüèºÔøº‚Ä¶",811,0
1436268091856535555,"@MimiJ9 This time last year, deaths and infection rates significantly lower in UK, 10 deaths, all before the vaccine rollout????",0,0
1436268092968120321,RT @KatiePavlich: President Joe Biden won't fire Dr. Fauci but he plans to fire any federal employee or contractor who doesn't want the Wuh‚Ä¶,1871,0
1436268093559525377,RT @freddiesayers: Give 12 year olds a coronavirus vaccine to improve their mental health‚Ä¶ that‚Äôs a new one! ü•¥ https://t.co/ez5elM1kax,91,0
1436268094775775239,RT @DrHoenderkamp: This means the risk they face from vaccine induced heart complications is 6.1 times higher than that of hospitalisation.‚Ä¶,412,0
1436268095165849601,"RT @RealCandaceO: The government mandating chemicals into your body against your will makes you a slave. 

I am not a slave and therefore u‚Ä¶",6906,0
1436268095954472964,"RT @MaizyDaizyZzzz: Johnson will threaten vaccine passports or lockdown to get his votes for the vaccine passports.

THE VACCINES DO NOT ST‚Ä¶",5,0
1436268096474558464,"RT @specterm: 620,000 Soldiers died in the Civil War. The largely vaccine-preventable illness called COVID 19 has killed 650,000. 200 Ameri‚Ä¶",586,0
1436268097409794051,"RT @sarbjitkaur1: First person to spot me @CP24 today is a Mimico resident who's says he asks anyone who claims Trudeau did ""nothing"" if th‚Ä¶",10,0
1436268098030555148,"RT @agcolehamilton: Vaccine passports harm principle of government by consent in this country. 

Vaccines are vital but a free society shou‚Ä¶",124,0
1436268098739441671,"RT @SkyNews: ""What is the point of requiring a vaccine to protect others if that vaccine does not durably prevent onward transmission?""

Pr‚Ä¶",631,0
1436268099121057793,You able to force a vaccine on us but you ‚Äúnot able‚Äù to erase our student loans like you said you was.,0,0
1436268099196669953,"RT @realDailyWire: ""The Daily Wire does have more than 100 employees but we won't be enforcing Joe Biden's unconstitutional and tyrannical‚Ä¶",4161,0
1436268100337418240,"RT @ArtemisWishfoot: You know, it's actually pretty fucking hilarious how easy it is to set boomers off in a tantrum.
Often our generation‚Ä¶",1,0
1436268100345806849,"@Boballard13 @seanhannity Science also says natural immunity is as good as the vaccine. 
Hope people realize, this will never go away. It has animal reservoirs, not human reservoirs. 
Vaccinated people can still get it, vaccinated people can still spread it",0,0
1436268101855756292,"RT @BigBrotherWatch: Because Scottish Parliament's vaccine passport vote today was on a motion, not a law, there is nothing to bring a lega‚Ä¶",469,0
1436268103806169089,"@abitcoinperson Lol, no vaccine is 100% effective.  Chicken pox is above 90% MMR is about 97%, one dose of the polio is 90% effective and three doses is 99% effective.  Seems like they had to change the language of their literature because it was to difficult for some to understand the concept",0,0
1436268104607170561,"RT @TomiLahren: If your vaccine works why do you care if I‚Äôm not vaccinated?

If your mask works why do you care if my face is free? 

If y‚Ä¶",1589,0
1436268105186033672,"RT @FrogNews: Sure schools require vaccines all the time, but until now, it's always been a vaccine that worked, and a disease that actuall‚Ä¶",1,0
1436268105777487879,"RT @Oilfield_Rando: Why are people who work for a living being forced to get the vaccine but not people on welfare? 

Answer that one and y‚Ä¶",325,0
1436268105802530828,"RT @SchottHappens: In 1905 the U.S. Supreme Court upheld a vaccine mandate in Massachusetts as Constitutional.

The ruling basically said o‚Ä¶",2803,0
1436268106385612801,"RT @tedcruz: Joe Biden‚Äôs COVID vaccine mandate completely ignores the science and is an attack on Americans‚Äô right to privacy. 

The feds h‚Ä¶",3155,0
1436268106461155330,"RT @emeriticus: Many businesses actually agree with vaccine mandates, which is partly why Biden felt emboldened to move forward with a fede‚Ä¶",274,0
1436268106649853956,RT @RepThomasMassie: He doesn‚Äôt have the power to mandate this. If government could mandate the vaccine for federal employees &amp; contractors‚Ä¶,3742,0
1436268107937501188,"RT @USAFacts: 62% of Americans have received at least one dose of a COVID-19 vaccine as of August 29, 2021. See more data on the COVID-19 v‚Ä¶",35,0
1436268108147273733,"RT @GregAbbott_TX: Biden‚Äôs vaccine mandate is an assault on private businesses.

I issued an Executive Order protecting Texans‚Äô right to ch‚Ä¶",4848,0
1436268108264652801,The vaccine is not a cure I just wanted to let y‚Äôall know,0,0
1436268108323434503,"RT @GlasgowGuy2015: These are the 68 MSP‚Äôs who voted to introduce Vaccine Passports in the once democratic, free and fair Scotland. 

Evil,‚Ä¶",185,0
1436268108885417985,"If I‚Äôd known the second vaccine jab would fuck me up like this, I wouldn‚Äôt of had it üòÇüò≠",0,0
1436268108931502080,"RT @JPNadda: Another milestone in vaccination!
Under the guidance of Hon PM @narendramodi Ji, Goa has administered the first vaccine dose t‚Ä¶",542,0
1436268109069963270,"RT @LeaksLegal: Informed consent requires balancing risk. The question is, what data is provided by government, especially to minors, to as‚Ä¶",4,0
1436268109074157574,@MsGlynisBarber The worlds gone vaccine mad all of a sudden!!,0,0
1436268109598441473,"RT @chrislhayes: Just gonna throw this out there because, again, I feel like I'm losing my grip on reality but for private sector worker su‚Ä¶",926,0
1436268110579789824,"RT @RoyceSquad_Pamp: Today, some people are hesitating about which vaccine to choose, and I think it makes no difference: any of the availa‚Ä¶",3,0
1436268110827429888,"RT @RealLordBrexitb: We can stop further lockdowns, 12-15 vaccines and the vaccine passports.  But we need the roundabout protests explodin‚Ä¶",26,0
1436268111368441873,RT @_crazyfellow_: Why‚Äôs everyone suddenly getting the vaccine?,1,0
1436268112014413828,RT @ggreenwald: I'm having a hard time believing that the ACLU -- just out of the blue -- decided to reverse its long-time civil libertaria‚Ä¶,2042,0
1436268113767583746,"RT @NPR: In a final video posted from her hospital bed, Megan Alexandra Blankenbiller pleaded with her TikTok followers not to wait to get‚Ä¶",300,0
1436268114119778306,"RT @LisaMarieBoothe: If you have a 99.97% chance or higher of survival against COVID, why in the hell are you subjecting your body to a vac‚Ä¶",2262,0
1436268114447118337,"RT @JackPosobiec: Post office workers exempt from the vaccine mandates, per WaPo

Are you paying attention yet?",8776,0
1436268114975592448,"""We The People"" are being played by an evil resident @JoeBiden, his evil administration and the #FakeNews pushing vaccine.

While still experiencing 2 major fuckups.

1; the wide open southern border being invaded every minute of every day.

2; the surrender in #Afghanistan.",0,0
1436268115281784835,"RT @NeilClark66: As we all predicted, Johnson the blackmailer will promote Vaccine Passports as a way of avoiding further lockdowns- while‚Ä¶",126,0
1436268115462082570,I wonder if some type of speakeasy will appear if vaccine passports are introduced?,0,0
1436268116523241477,RT @larryelder: The Biden Vaccine Mandate is tyrannical &amp; authoritarian. The President of the United States is threatening the livelihood o‚Ä¶,3954,0
1436268117219479552,"RT @danielsgoldman: GOP re vaccine mandate: how dare you tell me what to do with my body. 

GOP re abortion: I will tell you what you can d‚Ä¶",1138,0
1436268118137978882,RT @RealCandaceO: What would happen if all 2.1 million federal employers refused to play ball with Dictator Biden and did not get the vacci‚Ä¶,9408,0
1436268118595162114,"RT @JulianHillMP: üèÖGold Medal for rorting goes to ü•Å‚Ä¶ Scott Morrison!

Now he‚Äôs even found a way to rort Australia‚Äôs vaccine program.

Secre‚Ä¶",280,0
1436268119056596993,"RT @tedcruz: Joe Biden‚Äôs COVID vaccine mandate completely ignores the science and is an attack on Americans‚Äô right to privacy. 

The feds h‚Ä¶",3155,0
1436268119429836800,RT @DrDooleyMD: I will never forgive our government for sending kids back to school and allowing millions of them to be infected with a vir‚Ä¶,393,0
1436268120251924480,"RT @evandubs: Imagine a vaccine that works so well that it doesn‚Äôt produce long-lasting immunity to the disease, requires you to still wear‚Ä¶",420,0
1436268121669529602,RT @ndrew_lawrence: tune in to fox news tonight if you want to watch a bunch of vaccinated people who work at a place w vaccination require‚Ä¶,5583,0
1436268122890194952,"Adjusting for vaccine protection, the US death rate among the unvaccinated is nearly the highest it has ever been. Even without this adjustment, death in the current wave is on track to be at least the 3rd worst, nationally. (8) https://t.co/TrZYs1L6s3",0,0
1436268123716562945,"First week back at Lords - zoom is over, it's packed, there are new rules and so I feel like new girl, AGAIN. But what isn't new is the continued erosion of democracy by cavalier introduction of policies (like tax rises and vaccine passports)...

https://t.co/eeydBZn6Z4  (1/2)",0,0
1436268124270211072,So are we really suing Texas for the abortion law saying it violates human rights but mandating the vaccine for the majority of the country?,0,0
1436268124333035525,"RT @VinnMo: @DanCrenshawTX Total denial of history. We've had vaccine mandates before, saving lives. Ask the Supreme Court. That's why we d‚Ä¶",3,0
1436268125331365890,"RT @danielsgoldman: GOP re vaccine mandate: how dare you tell me what to do with my body. 

GOP re abortion: I will tell you what you can d‚Ä¶",1138,0
1436268125452898307,"RT @DelthiaRicks: Lasting immunity &amp; protection from a new single-shot, room-temperature stable Covid vaccine. An internat'l collaboration‚Ä¶",6,0
1436268125679505410,RT @BellaWallerstei: Government is going ahead with vaccine boosters even though Oxford vaccine Professor Dame Sarah Gilbert has said it is‚Ä¶,48,0
1436268125918580737,RT @DanRather: Today the Biden Administration went on the offensive. Vaccine mandates. A law suit against Texas. The ability to control nat‚Ä¶,7929,0
1436268126073761798,"RT @MarkReady47: Flu vaccine ~ 2400M doses and 1,951 deaths. Covid vaccine ~ 200M doses and 13,627 deaths. That makes the covid vaccine ~ 8‚Ä¶",23,0
1436268127537483793,RT @DrEricDing: Amazing‚Äînew Moderna combination vaccine of 6 mRNAs against 3 different respiratory viruses: #SARSCoV2 booster &amp; influenza b‚Ä¶,474,0
1436268128334385154,"RT @RepMeijer: Since getting both shots in Jan (publicly encouraging others to get it w/each) I‚Äôve visited several vax clinics, incl w/ Gov‚Ä¶",20,0
1436268128900554754,"RT @VictorianCHO: Don‚Äôt wait. Vaccinate. Any vaccine, but get it now.",676,0
1436268129517248512,"RT @DrHoenderkamp: Lets play out an informed consent conversation with a parent/child.. 

""Hi, today I am going to give you all of the info‚Ä¶",545,0
1436268129886298114,"RT @BradMossEsq: George Washington mandated inoculation against small pox.

The Supreme Court has ruled state vaccine mandates to be consti‚Ä¶",3783,0
1436268131345907714,"RT @jbhearn: Please correct me if I am wrong.

A vaccine passport means that if you have been double jabbed and have Covid you can go to ev‚Ä¶",1172,0
1436268132159553547,"RT @ianbremmer: A vaccine mandate is about freedom. 

Freedom to go to work.
Freedom to go to school.
Freedom to live a healthy life.",431,0
1436268132365000704,"RT @zafirazafrin: Had to transfer out a patient (who refused vaccination!) who was already on HFM, not maintaining

She cried when we told‚Ä¶",2107,0
1436268132511928323,"RT @duty2warn: ""All 50 states mandate vaccines for school attendance, such as those that protect against polio, measles, mumps, rubella and‚Ä¶",1400,0
1436268133027827713,RT @GeorgeTakei: As someone who experienced actual fascist policies in America and was sent to an internment camp solely because of my race‚Ä¶,9709,0
1436268134177050624,"RT @tedcruz: Joe Biden‚Äôs COVID vaccine mandate completely ignores the science and is an attack on Americans‚Äô right to privacy. 

The feds h‚Ä¶",3155,0
1436268134424535040,RT @4_04_Not_Found: Confirmed vaccine rebellion states so far. https://t.co/RVNOJccLWz,152,0
1436268134529372161,the vaccine https://t.co/w73BR9m6ON,0,0
1436268134973984782,"RT @AJKayWriter: Stop thinking this is about one vaccine.

It‚Äôs about whether you think the government should have the power to take your j‚Ä¶",463,0
1436268136836313088,"RT @BuzzPatterson: Why are you postal workers exempt from the federal employee vaccine mandate? They‚Äôre on the front lines. 

Because, it‚Äôs‚Ä¶",1099,0
1436268137809334281,"RT @pnjaban: Perhaps if all Americans identify as postal workers, we too can be exempt from vaccine mandates?",2263,0
1436268137872302085,RT @TWPundit: Lucy! Let me ‚Äòsplain it to you. If the unvaccinated have to get vaccinated to protect the vaccinated from the unvaccinated th‚Ä¶,17,0
1436268138023297024,"RT @BernieSpofforth: An Extension of Vaccine passports is already being looked at for your own safety.

Vaccine passports are unscientific,‚Ä¶",13,0
1436268138761359366,"RT @TitusNation: Mandated by ‚ÄúDictators‚Äù
Seatbelts
Clean water.
Polio Vaccine
Air safety
Measles vaccine
Stoplights
Food standards
Fire ala‚Ä¶",545,0
1436268140225257472,"RT @chrislhayes: Just gonna throw this out there because, again, I feel like I'm losing my grip on reality but for private sector worker su‚Ä¶",926,0
1436268140472713217,"RT @ananavarro: If instead of taking mule de-wormer, assaulting teachers &amp; flight attendants, coughing on people, faking vaxx cards, and th‚Ä¶",1851,0
1436268140875427840,"RT @RealCandaceO: The government mandating chemicals into your body against your will makes you a slave. 

I am not a slave and therefore u‚Ä¶",6905,0
1436268141265358848,"RT @chrissyclark_: Well‚Ä¶ after getting the Pfizer vaccine and having COVID twice, I have been diagnosed with COVID for a THIRD time. 

Symp‚Ä¶",5065,0
1436268142171357184,"RT @TonyArm1956: Do Not Comply! 

Biden is a Fraudulent President.

The election was rigged so he could win and destroy America

President‚Ä¶",7,0
1436268142670630912,"RT @FreedomAllian11: In light of this new evidence, how can the government go ahead with #covidvaccines for children? 

""Teenage boys are s‚Ä¶",10,0
1436268143123521536,"@RafCastagna @AnafitAF @MacleodJust @CheryllovesGIFS @PaulUK2901 Its mutating BECAUSE of the vaccine you spoob. Thats how viruses work, the mutate to get around immunity.",0,0
1436268143253594113,"@HopArtist @ananavarro Opaganib , an antiviral is being evaluated to treat severe Covid-19 pneumonia. We have a vaccine that works  to prevent or lessen impact of covid. Your point?",0,0
1436268143589081093,RT @PrisonPlanet: Research conducted by the University of California has found that teenage boys are six times more likely to suffer from h‚Ä¶,157,0
1436268143727587328,"RT @SchottHappens: In 1905 the U.S. Supreme Court upheld a vaccine mandate in Massachusetts as Constitutional.

The ruling basically said o‚Ä¶",2803,0
1436268144079822851,RT @TheRickyDavila: Fox Propaganda requires all of its employees to be vaccinated whilst simultaneously paying hosts to tell people not to‚Ä¶,208,0
1436268146302799883,"RT @ChannelUK1: THEN
Before they were bought off, every Scottish green opposed vaccine passports.

NOW
After they were bought off every Sco‚Ä¶",136,0
1436268146428559369,"RT @DrewHolden360: Whatever your thoughts on vaccine mandates, Biden‚Äôs new order is like 8,000x more tyrannical than anything Trump ever di‚Ä¶",3910,0
1436268146759983109,"RT @DonMcglashen: COVID vaccine 30 times more dradly than the flu vaccine.

So that's why they are so desperate to mandate it.

Because che‚Ä¶",7,0
1436268147808612357,"RT @EdmundKudzayi: ‚ÄúSome members of this group have antibodies from a previous Covid case and are reasonably protected from future illness,‚Ä¶",1,0
1436268148089495552,@princehabane @nalutece @themattmcd @TheDailyShow Well I wish you luck as you take your chances with Covid which is far more dangerous than the vaccine technology that‚Äôs been developed and tested for 50 years.,0,0
1436268148257435650,"@toddstarnes @FoxNews Psst, Todd. It‚Äôs true. 

@FoxNews employees have to get a vaccine. This means they are secretly Democrats. Trust me. 

#GetVaccinated #WearAMask #GetVaccinated #WearAMask #GetVaccinated #WearAMask #GetVaccinated #WearAMask #GetVaccinated #WearAMask #GetVaccinated #WearAMask",0,0
1436268148525776896,"RT @JackPosobiec: Post office workers exempt from the vaccine mandates, per WaPo

Are you paying attention yet?",8776,0
1436268149066846211,"@PrisonPlanet My son is leaving for Marine Bootcamp next week and they are making him take the vaccine. 
It's next to impossible to get out of it too. Pisses me off.",0,0
1436268149180190722,"RT @lisamajor400: @TiceRichard Would be interesting to find out what the UK Government's contract says?
https://t.co/nl3L5WQ9eM",1,0
1436268150136393737,RT @YardleyShooting: No one should be pressured into having the vaccine. https://t.co/RFl1G55p3n,88,0
1436268150757208064,RT @Richard88312106: @MattWalshBlog So‚Ä¶I guess the ‚Äúvaccine‚Äù doesn‚Äôt work if an unvaccinated person can give a vaccinated person Covid.  Do‚Ä¶,8,0
1436268150773911553,RT @Madz_Grant: Well I never https://t.co/UqUezPY6gr,85,0
1436268150832631812,"RT @jbhearn: Please correct me if I am wrong.

A vaccine passport means that if you have been double jabbed and have Covid you can go to ev‚Ä¶",1171,0
1436268151256330241,@PeggyMunson1 @JenniferBroncho @DonaldJTrumpJr You‚Äôre right polio doesn‚Äôt mutate and how many years of knowledge they have on that vaccine. You can‚Äôt compare two different things it‚Äôs like apples to oranges. COVID-19 is like the flu not polio,0,0
1436268151608680454,"@JeffIrw92558866 @DConnellyNW If I have to take it every 6 months for the rest of my life, that‚Äôs fine, as long as the science checks out.

Having vaccine boosters is totally normal, and we already take annual flu shots.",0,0
1436268152099426308,RT @NBCNews: Unvaccinated TikToker urges followers to get vaccine in last video before death: 'I shouldn't have waited.' https://t.co/8xhbQ‚Ä¶,52,0
1436268152145465347,"RT @DailyCaller: After ending the press briefing, @PressSec is asked ""what happened to my body my choice"" when it comes to covid-19 vaccine‚Ä¶",1020,0
1436268152694861826,RT @bookishseawitch: dolly parton didn‚Äôt tumble outta bed and stumble to the kitchen and pour herself a cup of ambition just for you to ref‚Ä¶,7907,0
1436268152753639431,RT @hicksyalex: @MaizyDaizyZzzz What a waste of our tax. This should come out of @MattHancock's pocket not National Insurance. We are knee‚Ä¶,2,0
1436268153105960962,"The proper mass line isn‚Äôt for vaccine mandates but for employers offering financial incentives, education, paid time off etc to incentive vaccination. Also most workers can get vaxed if they want to as well. It isn‚Äôt a access issue, it‚Äôs really an education issue",0,0
1436268155287089152,RT @TinResistAgain: @elisefoley @gtconway3d America is one of the few countries with enough vaccines at its disposal to protect every resid‚Ä¶,20,0
1436268155848953862,"RT @MattRooneyNJ: I am vaccinated. Don't regret my decision one bit.

The President of the United States does NOT have the power to coerce‚Ä¶",453,0
1436268156088201217,"RT @chrissyclark_: Well‚Ä¶ after getting the Pfizer vaccine and having COVID twice, I have been diagnosed with COVID for a THIRD time. 

Symp‚Ä¶",5065,0
1436268158285926403,"RT @RealCandaceO: The government mandating chemicals into your body against your will makes you a slave. 

I am not a slave and therefore u‚Ä¶",6905,0
1436268159561093120,"RT @DrHoenderkamp: Lets play out an informed consent conversation with a parent/child.. 

""Hi, today I am going to give you all of the info‚Ä¶",545,0
1436268159653199879,"RT @luwirobles: Get your Covid Vaccine Now.
#FlexMoNa Royce Cabrera
@ArtistCenter @royce_squad",4,0
1436268159858720776,RT @pcrclaims: Anyone know a single person saved by the vaccine yet?,38,0
1436268160160727040,RT @DanRather: Today the Biden Administration went on the offensive. Vaccine mandates. A law suit against Texas. The ability to control nat‚Ä¶,7928,0
1436268160165023744,"RT @BernieSpofforth: An Extension of Vaccine passports is already being looked at for your own safety.

Vaccine passports are unscientific,‚Ä¶",13,0
1436268160269922305,"RT @ClareCraigPath: You need to write to your MP.

Many don't like Vaccine Passports.

If they hear from you it makes a big difference -the‚Ä¶",196,0
1436268161188384768,"@kayleighmcenany Flashback: you never even knew a person who contracted Polio or Smallpox, wiped out in the USA with vaccine mandates. You're welcome. 

Along came Trump and liar Sec. McEnany.  Pandemic declared a hoax. 650,000 die of it in the USA.
You are culpable.",0,0
1436268161238700032,"RT @Mark_J_Harper: It‚Äôs good that Govt consults on these things, but this consultation also brings a mandatory flu vaccine into considerati‚Ä¶",195,0
1436268162207657986,"RT @ACTBrigitte: Vaccine Passports have no place in a free society! My medical history is none of your business!

Take Action: https://t.co‚Ä¶",200,0
1436268163264565250,"RT @TomthunkitsMind: A VA Man who thought he was ‚Äúinvincible,‚Äù asks if you had the choice between saying family goodbyes &amp;  planning your f‚Ä¶",1,0
1436268163646332930,RT @Madz_Grant: Well I never https://t.co/UqUezPY6gr,85,0
1436268164057346049,RT @JustTheNews: .@SenRonJohnson (R-Wis.) reacted to President @JoeBiden‚Äôs new COVID-19 vaccine requirements that were released on Thursday‚Ä¶,132,0
1436268167739936770,"RT @Jen4Scot: The Scottish Parliament, where MSPs debate what constitutes a nightclub, AFTER they have passed vaccine passport legislation‚Ä¶",14,0
1436268167924523009,RT @RealCandaceO: What would happen if all 2.1 million federal employers refused to play ball with Dictator Biden and did not get the vacci‚Ä¶,9407,0
1436268169266712582,"RT @MSNBC: President Biden on new vaccine requirements: ""We need to do more. This is not about freedom or personal choice. It's about prote‚Ä¶",95,0
1436268169698676736,RT @MattWalshBlog: I got the vaccine and it works and I trust it but if you don't get the vaccine then I will get sick and die and it will‚Ä¶,3966,0
1436268169811972103,"RT @ElijahSchaffer: ‚ÄúThey are mandating an outdated vaccine‚Äù - CEO of a large media company 

Get Rekt",366,0
1436268170235482114,"RT @newsmax: President Biden's sweeping new vaccine mandate is ""gross,"" ""totalitarian,"" and ""fascist,"" says Rep. Byron Donalds. https://t.c‚Ä¶",133,0
1436268171477008388,RT @PrisonPlanet: Vaccine mandates: The right finally finds its line in the sand. At last.,228,0
1436268172244570113,"RT @RealCandaceO: The government mandating chemicals into your body against your will makes you a slave. 

I am not a slave and therefore u‚Ä¶",6905,0
1436268172693344262,"@stewartfisher Vaccination is the way out of it yes - but that was still the case yesterday before vaccine passports were a thing.

It‚Äôs whether having to prove it is fair and justified.",0,0
1436268172714336259,"You have to wonder if Biden is actually trying to crash America's economy. I think he'll succeed in crashing it.

https://t.co/SyYjBKWiLr",0,0
1436268173096013826,RT @QuoteDigging: @travisakers Today the Biden Administration went on the offensive. Vaccine mandates. A law suit against Texas. The abilit‚Ä¶,429,0
1436268174006226945,CO Public Health Agency Suspends Vaccine Clinics Over Harassment | @crooksandliars https://t.co/0Sb8OLbCka,0,0
1436268174383665160,"RT @KathyConWom: We live in very dark times
This is for a disease which is NOT a threat to humanity 
I cannot believe that this is constitu‚Ä¶",7,0
1436268174551437322,RT @ChuckCallesto: BREAKING REPORT: United Airlines Staff who are granted RELIGIOUS EXEMPTIONS to Vaccine Mandate will now be put on UNPAID‚Ä¶,2099,0
1436268177122545668,RT @PrisonPlanet: Research conducted by the University of California has found that teenage boys are six times more likely to suffer from h‚Ä¶,157,0
1436268180188635136,"RT @KaivanShroff: Dan Crenshaw didn‚Äôt complain about vaccine mandates in the military.

He didn‚Äôt complain about vaccine mandates at Harvar‚Ä¶",903,0
1436268181211987969,"RT @realDailyWire: ""The Daily Wire does have more than 100 employees but we won't be enforcing Joe Biden's unconstitutional and tyrannical‚Ä¶",4160,0
1436268181941747712,"RT @mmpadellan: President Biden: ""Many of us are frustrated with the nearly 80 million Americans who are still not vaccinated, even though‚Ä¶",6798,0
1436268182076014594,"üá©üá™ The vaccine manufacturer #BioNTech reports another success: From mid-October, the first children under the age of 12 in Germany could be vaccinated with the # Corona vaccine.  #germany #mostliked https://t.co/PRxNKeaHUe",0,0
1436268182160003076,"RT @KellDA: Choice. Abbott denies women the choice to make our own healthcare decisions but in the same breath, he says no to the governmen‚Ä¶",269,0
1436268183233568768,RT @KatiePavlich: If you want the vaccine great. Don‚Äôt want it for whatever reason? Fine and none of my business. Vaccines are supposed to‚Ä¶,1827,0
1436268183795683330,"RT @bethany83: Do you agree or disagree with the vaccine passport coming into effect in Scotland from the 1st of October? 

Retweet for a b‚Ä¶",94,0
1436268184017977344,RT @JackPosobiec: The vaccine must be mandated bc it is the only way everyone can be protected but right now the unvaccinated are a threat‚Ä¶,829,0
1436268184034807810,"RT @jbhearn: Please correct me if I am wrong.

A vaccine passport means that if you have been double jabbed and have Covid you can go to ev‚Ä¶",1171,0
1436268184148054021,"RT @BradMossEsq: George Washington mandated inoculation against small pox.

The Supreme Court has ruled state vaccine mandates to be consti‚Ä¶",3783,0
1436268184684871682,"RT @RealCandaceO: The government mandating chemicals into your body against your will makes you a slave. 

I am not a slave and therefore u‚Ä¶",6905,0
1436268184877867010,"@WarmGingerTea @nikkid517 @sknaheloc @lfc4me96 Is Pfizer liable for vaccine injuries due to the EUA version that is available in the US?
Were the control groups lost (vaccinated)?
When were animal trials done? When did human trials begin?
Why are they just starting to explore menstrual issues?",0,0
1436268185146232836,RT @DrEricDing: Amazing‚Äînew Moderna combination vaccine of 6 mRNAs against 3 different respiratory viruses: #SARSCoV2 booster &amp; influenza b‚Ä¶,474,0
1436268188115800068,"RT @BernieSpofforth: An Extension of Vaccine passports is already being looked at for your own safety.

Vaccine passports are unscientific,‚Ä¶",13,0
1436268189533437957,"Territorians aged 60 and older in urban #Darwin can now access #Pfizer coronavirus vaccine - ABC News | #covid19aus | Hope this time it is true, not #SA | Go #NT üíâ https://t.co/lpvPO8XR1d",0,0
1436268190951096326,"RNC vows to sue over Biden vaccine, testing mandate https://t.co/BFLI94vAjZ",0,0
1436268190980612096,@mdnij34 It's vaccine or routine testing. That's the only way we'll start to control this pandemic. And contact tracing.,0,0
1436268191085383698,"RT @TheWoolCorner: @DHSCgovuk Vaccine passports areüëá

‚ùå Pointless
‚ùå Damaging
‚ùå Discriminatory",4,0
1436268193673252866,"RT @LPNational: Vaccine mandates will not lead to wider trust in the science, it will only lead to #MassNonCompliance.",499,0
1436268195988615170,RT @hughosmond: So this should be the end of vaccine passports right here right now from PHE report. ‚Å¶@BorisJohnson‚Å© ‚Å¶@EssexPR‚Å© Just as hig‚Ä¶,444,0
1436268196026273795,@mcsefl @The_real_jaybo @RandPaul When you figure out that it‚Äôs about more than the vaccine you will say aha!,0,0
1436268197045489670,"RT @DaveAtherton20: -Migrant crisis
-Pension triple lock
-National Insurance
-Vaccine passports

The dam has broken for @BorisJohnson 

Wes‚Ä¶",21,0
1436268198370885633,RT @RL4DJT: Will Joe Biden issue a vaccine mandate for all of the illegal immigrants crossing our southern border? ü§î,2,0
1436268201646739458,RT @gregkellyusa: Shut up JOE !  I just checked with my LAWYERS. The government DOESN'T HAVE THE AUTHORITY to FORCE the vaccine on ANYONE.‚Ä¶,3914,0
1436268202527502337,@jahbreela @Charliemagne @EricGr10 @ianbremmer The more people who aren‚Äôt vaccinated = more infections = more virus mutations = more risk of vaccine escape variant,0,0
1436268202842001408,"I have that same mark on my left shoulder from getting my Polio Vaccine a bazillion years ago.

Of course we didn't have social media and Faux News back then, so once the Polio Vaccine was available we rolled up our sleeves and were grateful to get it.

Please go get Vaccinated! https://t.co/EzYpCE1sf7 https://t.co/GWpQ7zfr4f",0,0
1436268203035054084,"RT @Jim_Jordan: First, they say you can‚Äôt go to church. 
Then, they try to take your guns. 
Now, they‚Äôre trying to take your job. 

No vacc‚Ä¶",5865,0
